{"IcoMoonType":"selection","icons":[{"icon":{"paths":["M682.667 170.667h85.333c22.63 0 44.335 8.99 60.339 24.994s24.994 37.708 24.994 60.34v597.333c0 22.63-8.99 44.335-24.994 60.339s-37.709 24.994-60.339 24.994h-512c-22.632 0-44.337-8.99-60.34-24.994s-24.994-37.709-24.994-60.339v-597.333c0-22.632 8.99-44.337 24.994-60.34s37.708-24.994 60.34-24.994h85.333","M640 85.333h-256c-23.564 0-42.667 19.103-42.667 42.667v85.333c0 23.564 19.103 42.667 42.667 42.667h256c23.565 0 42.667-19.103 42.667-42.667v-85.333c0-23.564-19.102-42.667-42.667-42.667z"],"attrs":[{"fill":"none","strokeLinejoin":"round","strokeLinecap":"round","strokeMiterlimit":"4","strokeWidth":42.666666666666664},{"fill":"none","strokeLinejoin":"round","strokeLinecap":"round","strokeMiterlimit":"4","strokeWidth":42.666666666666664}],"isMulticolor":false,"isMulticolor2":false,"grid":0,"tags":["clipboard"],"colorPermutations":{}},"attrs":[{"fill":"none","strokeLinejoin":"round","strokeLinecap":"round","strokeMiterlimit":"4","strokeWidth":42.666666666666664},{"fill":"none","strokeLinejoin":"round","strokeLinecap":"round","strokeMiterlimit":"4","strokeWidth":42.666666666666664}],"properties":{"order":2,"id":7,"name":"clipboard","prevSize":32,"code":59648},"setIdx":0,"setId":2,"iconIdx":0},{"icon":{"paths":["M512 42.667v938.667","M725.333 213.333h-320c-39.606 0-77.589 15.733-105.594 43.739s-43.739 65.989-43.739 105.594c0 39.606 15.733 77.589 43.739 105.596s65.989 43.738 105.594 43.738h213.333c39.607 0 77.589 15.731 105.596 43.738s43.738 65.988 43.738 105.596c0 39.607-15.731 77.589-43.738 105.596s-65.988 43.738-105.596 43.738h-362.667"],"attrs":[{"fill":"none","strokeLinejoin":"round","strokeLinecap":"round","strokeMiterlimit":"4","strokeWidth":42.666666666666664},{"fill":"none","strokeLinejoin":"round","strokeLinecap":"round","strokeMiterlimit":"4","strokeWidth":42.666666666666664}],"isMulticolor":false,"isMulticolor2":false,"grid":0,"tags":["dollar-sign"],"colorPermutations":{}},"attrs":[{"fill":"none","strokeLinejoin":"round","strokeLinecap":"round","strokeMiterlimit":"4","strokeWidth":42.666666666666664},{"fill":"none","strokeLinejoin":"round","strokeLinecap":"round","strokeMiterlimit":"4","strokeWidth":42.666666666666664}],"properties":{"order":3,"id":6,"name":"dollar-sign","prevSize":32,"code":59649},"setIdx":0,"setId":2,"iconIdx":1},{"icon":{"paths":["M426.667 128h-298.667v298.667h298.667v-298.667z","M896 128h-298.667v298.667h298.667v-298.667z","M896 597.333h-298.667v298.667h298.667v-298.667z","M426.667 597.333h-298.667v298.667h298.667v-298.667z"],"attrs":[{"fill":"none","strokeLinejoin":"round","strokeLinecap":"round","strokeMiterlimit":"4","strokeWidth":42.666666666666664},{"fill":"none","strokeLinejoin":"round","strokeLinecap":"round","strokeMiterlimit":"4","strokeWidth":42.666666666666664},{"fill":"none","strokeLinejoin":"round","strokeLinecap":"round","strokeMiterlimit":"4","strokeWidth":42.666666666666664},{"fill":"none","strokeLinejoin":"round","strokeLinecap":"round","strokeMiterlimit":"4","strokeWidth":42.666666666666664}],"isMulticolor":false,"isMulticolor2":false,"grid":0,"tags":["grid"],"colorPermutations":{}},"attrs":[{"fill":"none","strokeLinejoin":"round","strokeLinecap":"round","strokeMiterlimit":"4","strokeWidth":42.666666666666664},{"fill":"none","strokeLinejoin":"round","strokeLinecap":"round","strokeMiterlimit":"4","strokeWidth":42.666666666666664},{"fill":"none","strokeLinejoin":"round","strokeLinecap":"round","strokeMiterlimit":"4","strokeWidth":42.666666666666664},{"fill":"none","strokeLinejoin":"round","strokeLinecap":"round","strokeMiterlimit":"4","strokeWidth":42.666666666666664}],"properties":{"order":4,"id":5,"name":"grid","prevSize":32,"code":59650},"setIdx":0,"setId":2,"iconIdx":2},{"icon":{"paths":["M853.333 128h-682.667c-47.128 0-85.333 38.205-85.333 85.333v426.667c0 47.13 38.205 85.333 85.333 85.333h682.667c47.13 0 85.333-38.204 85.333-85.333v-426.667c0-47.128-38.204-85.333-85.333-85.333z","M341.333 896h341.333","M512 725.333v170.667"],"attrs":[{"fill":"none","strokeLinejoin":"round","strokeLinecap":"round","strokeMiterlimit":"4","strokeWidth":42.666666666666664},{"fill":"none","strokeLinejoin":"round","strokeLinecap":"round","strokeMiterlimit":"4","strokeWidth":42.666666666666664},{"fill":"none","strokeLinejoin":"round","strokeLinecap":"round","strokeMiterlimit":"4","strokeWidth":42.666666666666664}],"isMulticolor":false,"isMulticolor2":false,"grid":0,"tags":["monitor"],"colorPermutations":{}},"attrs":[{"fill":"none","strokeLinejoin":"round","strokeLinecap":"round","strokeMiterlimit":"4","strokeWidth":42.666666666666664},{"fill":"none","strokeLinejoin":"round","strokeLinecap":"round","strokeMiterlimit":"4","strokeWidth":42.666666666666664},{"fill":"none","strokeLinejoin":"round","strokeLinecap":"round","strokeMiterlimit":"4","strokeWidth":42.666666666666664}],"properties":{"order":5,"id":4,"name":"monitor","prevSize":32,"code":59651},"setIdx":0,"setId":2,"iconIdx":3},{"icon":{"paths":["M204.804 0c-84.7 0.018-153.595 68.914-153.595 153.614s68.896 153.58 153.595 153.58c84.7 0 153.596-68.896 153.596-153.596 0-84.701-68.896-153.597-153.596-153.597zM204.804 256.011c-56.556 0-102.397-45.841-102.397-102.397s45.841-102.397 102.397-102.397c56.556 0 102.397 45.841 102.397 102.397s-45.839 102.397-102.397 102.397z","M972.809 255.995h-511.983c-28.279 0-51.2 22.919-51.2 51.198v39.099l51.2 25.6v-64.698h511.983v409.568h-511.983v-60.855l-51.2-12.783v73.638c0 28.279 22.921 51.2 51.2 51.2h210.799l-130.351 217.237c-7.305 12.1-3.345 27.849 8.806 35.102 11.998 7.356 27.802 3.396 35.102-8.802l106.035-176.738v163.58c0 14.148 11.452 25.6 25.6 25.6s25.6-11.452 25.6-25.6v-163.58l106.048 176.721c4.796 8.004 13.295 12.442 21.948 12.442 4.506 0 9.045-1.143 13.158-3.652 12.151-7.253 16.090-23.006 8.802-35.106l-130.351-217.233h210.786c28.275 0 51.196-22.921 51.196-51.2v-409.539c0.004-28.279-22.916-51.198-51.196-51.198z","M894.976 402.54c-3.861-13.602-18.010-21.606-31.642-17.544l-315.913 90.264c-3.686-3.567-7.817-6.69-12.527-9.062l-204.794-102.397c-7.116-3.55-14.95-5.41-22.903-5.41h-204.794c-24.745 0-45.943 17.697-50.378 42.035l-51.199 281.576c-2.714 14.933 1.332 30.306 11.060 41.963s24.131 18.398 39.321 18.398h32.715l18.653 234.436c2.116 26.624 24.32 47.138 51.029 47.138h102.397c26.093 0 48.006-19.61 50.89-45.534l44.731-402.539 147.962 36.983c4.096 1.024 8.26 1.515 12.407 1.515 11.298 0 22.409-3.738 31.505-10.837 12.425-9.694 19.695-24.593 19.695-40.358v-39.202l314.24-89.783c13.602-3.857 21.449-18.057 17.545-31.641zM511.991 563.183l-204.794-51.2-51.198 460.77h-102.397l-22.391-281.591h-80.006l51.198-281.573h76.798v155.744c0 14.148 11.452 25.6 25.599 25.6s25.6-11.452 25.6-25.6v-155.746h76.797l204.794 102.396v51.2z"],"attrs":[],"isMulticolor":false,"isMulticolor2":false,"grid":0,"tags":["presentation 1"],"colorPermutations":{}},"attrs":[],"properties":{"order":6,"id":3,"name":"presentation-1","prevSize":32,"code":59652},"setIdx":0,"setId":2,"iconIdx":4},{"icon":{"paths":["M512 640c70.694 0 128-57.306 128-128s-57.306-128-128-128c-70.694 0-128 57.306-128 128s57.306 128 128 128z","M827.733 640c-5.679 12.868-7.373 27.145-4.864 40.986s9.109 26.611 18.944 36.668l2.56 2.56c7.936 7.923 14.229 17.335 18.522 27.695 4.297 10.359 6.507 21.466 6.507 32.678s-2.21 22.319-6.507 32.678c-4.292 10.359-10.586 19.772-18.522 27.695-7.923 7.936-17.335 14.229-27.695 18.522-10.359 4.297-21.466 6.507-32.678 6.507s-22.319-2.21-32.678-6.507c-10.359-4.292-19.772-10.586-27.695-18.522l-2.56-2.56c-10.057-9.835-22.827-16.435-36.668-18.944s-28.117-0.815-40.986 4.864c-12.621 5.41-23.381 14.387-30.963 25.835s-11.648 24.862-11.703 38.592v7.253c0 22.63-8.99 44.335-24.994 60.339s-37.709 24.994-60.339 24.994c-22.63 0-44.335-8.99-60.339-24.994s-24.994-37.709-24.994-60.339v-3.84c-0.329-14.123-4.902-27.819-13.12-39.309s-19.702-20.241-32.96-25.118c-12.869-5.679-27.144-7.373-40.985-4.864s-26.612 9.109-36.668 18.944l-2.56 2.56c-7.925 7.936-17.336 14.229-27.696 18.522-10.359 4.297-21.463 6.507-32.678 6.507s-22.318-2.21-32.678-6.507c-10.359-4.292-19.77-10.586-27.696-18.522-7.934-7.923-14.228-17.335-18.522-27.695s-6.505-21.466-6.505-32.678c0-11.213 2.21-22.319 6.505-32.678s10.589-19.772 18.522-27.695l2.56-2.56c9.836-10.057 16.435-22.827 18.944-36.668s0.816-28.117-4.864-40.986c-5.408-12.621-14.389-23.381-25.836-30.963s-24.861-11.648-38.591-11.703h-7.253c-22.632 0-44.337-8.99-60.34-24.994s-24.994-37.709-24.994-60.339c0-22.63 8.99-44.335 24.994-60.339s37.708-24.994 60.34-24.994h3.84c14.122-0.329 27.819-4.902 39.309-13.12s20.242-19.702 25.118-32.96c5.68-12.869 7.374-27.144 4.864-40.985s-9.108-26.612-18.944-36.668l-2.56-2.56c-7.934-7.925-14.228-17.336-18.522-27.696s-6.505-21.463-6.505-32.678c0-11.214 2.21-22.318 6.505-32.678s10.589-19.77 18.522-27.696c7.925-7.934 17.336-14.228 27.696-18.522s21.463-6.505 32.678-6.505c11.214 0 22.318 2.21 32.678 6.505s19.77 10.589 27.696 18.522l2.56 2.56c10.056 9.836 22.828 16.435 36.668 18.944s28.116 0.816 40.985-4.864h3.413c12.62-5.408 23.382-14.389 30.963-25.836s11.649-24.861 11.704-38.591v-7.253c0-22.632 8.99-44.337 24.994-60.34s37.709-24.994 60.339-24.994c22.63 0 44.335 8.99 60.339 24.994s24.994 37.708 24.994 60.34v3.84c0.055 13.73 4.122 27.144 11.703 38.591s18.342 20.428 30.963 25.836c12.868 5.68 27.145 7.374 40.986 4.864s26.611-9.108 36.668-18.944l2.56-2.56c7.923-7.934 17.335-14.228 27.695-18.522s21.466-6.505 32.678-6.505c11.213 0 22.319 2.21 32.678 6.505s19.772 10.589 27.695 18.522c7.936 7.925 14.229 17.336 18.522 27.696 4.297 10.359 6.507 21.463 6.507 32.678s-2.21 22.318-6.507 32.678c-4.292 10.359-10.586 19.77-18.522 27.696l-2.56 2.56c-9.835 10.056-16.435 22.828-18.944 36.668s-0.815 28.116 4.864 40.985v3.413c5.41 12.62 14.387 23.382 25.835 30.963s24.862 11.649 38.592 11.704h7.253c22.63 0 44.335 8.99 60.339 24.994s24.994 37.709 24.994 60.339c0 22.63-8.99 44.335-24.994 60.339s-37.709 24.994-60.339 24.994h-3.84c-13.73 0.055-27.145 4.122-38.592 11.703s-20.425 18.342-25.835 30.963v0z"],"attrs":[{"fill":"none","strokeLinejoin":"round","strokeLinecap":"round","strokeMiterlimit":"4","strokeWidth":42.666666666666664},{"fill":"none","strokeLinejoin":"round","strokeLinecap":"round","strokeMiterlimit":"4","strokeWidth":42.666666666666664}],"isMulticolor":false,"isMulticolor2":false,"grid":0,"tags":["settings"],"colorPermutations":{}},"attrs":[{"fill":"none","strokeLinejoin":"round","strokeLinecap":"round","strokeMiterlimit":"4","strokeWidth":42.666666666666664},{"fill":"none","strokeLinejoin":"round","strokeLinecap":"round","strokeMiterlimit":"4","strokeWidth":42.666666666666664}],"properties":{"order":7,"id":2,"name":"settings","prevSize":32,"code":59653},"setIdx":0,"setId":2,"iconIdx":5},{"icon":{"paths":["M810.667 128h-597.333c-47.128 0-85.333 38.205-85.333 85.333v597.333c0 47.13 38.205 85.333 85.333 85.333h597.333c47.13 0 85.333-38.204 85.333-85.333v-597.333c0-47.128-38.204-85.333-85.333-85.333z","M426.667 298.667h-128v384h128v-384z","M725.333 298.667h-128v213.333h128v-213.333z"],"attrs":[{"fill":"none","strokeLinejoin":"round","strokeLinecap":"round","strokeMiterlimit":"4","strokeWidth":42.666666666666664},{"fill":"none","strokeLinejoin":"round","strokeLinecap":"round","strokeMiterlimit":"4","strokeWidth":42.666666666666664},{"fill":"none","strokeLinejoin":"round","strokeLinecap":"round","strokeMiterlimit":"4","strokeWidth":42.666666666666664}],"isMulticolor":false,"isMulticolor2":false,"grid":0,"tags":["trello"],"colorPermutations":{}},"attrs":[{"fill":"none","strokeLinejoin":"round","strokeLinecap":"round","strokeMiterlimit":"4","strokeWidth":42.666666666666664},{"fill":"none","strokeLinejoin":"round","strokeLinecap":"round","strokeMiterlimit":"4","strokeWidth":42.666666666666664},{"fill":"none","strokeLinejoin":"round","strokeLinecap":"round","strokeMiterlimit":"4","strokeWidth":42.666666666666664}],"properties":{"order":8,"id":1,"name":"trello","prevSize":32,"code":59654},"setIdx":0,"setId":2,"iconIdx":6},{"icon":{"paths":["M682.667 896v-85.333c0-45.265-17.98-88.674-49.988-120.678-32.004-32.009-75.413-49.988-120.678-49.988h-298.667c-45.264 0-88.673 17.98-120.68 49.988-32.006 32.004-49.987 75.413-49.987 120.678v85.333","M362.667 469.333c94.255 0 170.667-76.41 170.667-170.667s-76.412-170.667-170.667-170.667c-94.257 0-170.667 76.41-170.667 170.667s76.41 170.667 170.667 170.667z","M725.333 469.333l85.333 85.333 170.667-170.667"],"attrs":[{"fill":"none","strokeLinejoin":"round","strokeLinecap":"round","strokeMiterlimit":"4","strokeWidth":42.666666666666664},{"fill":"none","strokeLinejoin":"round","strokeLinecap":"round","strokeMiterlimit":"4","strokeWidth":42.666666666666664},{"fill":"none","strokeLinejoin":"round","strokeLinecap":"round","strokeMiterlimit":"4","strokeWidth":42.666666666666664}],"isMulticolor":false,"isMulticolor2":false,"grid":0,"tags":["user-check"],"colorPermutations":{}},"attrs":[{"fill":"none","strokeLinejoin":"round","strokeLinecap":"round","strokeMiterlimit":"4","strokeWidth":42.666666666666664},{"fill":"none","strokeLinejoin":"round","strokeLinecap":"round","strokeMiterlimit":"4","strokeWidth":42.666666666666664},{"fill":"none","strokeLinejoin":"round","strokeLinecap":"round","strokeMiterlimit":"4","strokeWidth":42.666666666666664}],"properties":{"order":9,"id":0,"name":"user-check","prevSize":32,"code":59655},"setIdx":0,"setId":2,"iconIdx":7}],"height":1024,"metadata":{"name":"icomoon"},"preferences":{"showGlyphs":true,"showQuickUse":true,"showQuickUse2":true,"showSVGs":true,"fontPref":{"prefix":"icon-","metadata":{"fontFamily":"icomoon"},"metrics":{"emSize":1024,"baseline":6.25,"whitespace":50},"embed":false},"imagePref":{"prefix":"icon-","png":true,"useClassSelector":true,"color":0,"bgColor":16777215,"classSelector":".icon"},"historySize":50,"showCodes":true,"gridSize":16}}